{
    "托盘识别点2": {
        "世界坐标系": {
            "缺口1": {
                "x": -0.03784941811619531,
                "y": 0.29860101094325125,
                "z": 0.015,
                "rotation_rx": 0.0,
                "rotation_ry": 0.0,
                "rotation_rz": 1.0,
                "rotation_angle": 1.5707963267948968
            },
            "缺口2": {
                "x": 0.015539582782221964,
                "y": 0.3024161352964327,
                "z": 0.015,
                "rotation_rx": 0.0,
                "rotation_ry": 0.0,
                "rotation_rz": 1.0,
                "rotation_angle": 1.5707963267948968
            },
            "缺口3": {
                "x": 0.06726256779554515,
                "y": 0.30154959540786147,
                "z": 0.015,
                "rotation_rx": 0.0,
                "rotation_ry": 0.0,
                "rotation_rz": 1.0,
                "rotation_angle": 1.5707963267948968
            },
            "缺口4": {
                "x": -0.03760853247093202,
                "y": 0.24669719234289578,
                "z": 0.015,
                "rotation_rx": 0.0,
                "rotation_ry": 0.0,
                "rotation_rz": 1.0,
                "rotation_angle": 1.5707963267948968
            },
            "缺口5": {
                "x": 0.016111448495374353,
                "y": 0.25017619976302674,
                "z": 0.015,
                "rotation_rx": 0.0,
                "rotation_ry": 0.0,
                "rotation_rz": 1.0,
                "rotation_angle": 1.5707963267948968
            },
            "缺口6": {
                "x": 0.06585089321623644,
                "y": 0.25266578229528586,
                "z": 0.015,
                "rotation_rx": 0.0,
                "rotation_ry": 0.0,
                "rotation_rz": 1.0,
                "rotation_angle": 1.5707963267948968
            },
            "缺口7": {
                "x": -0.04002133765596491,
                "y": 0.19413375715062572,
                "z": 0.015,
                "rotation_rx": 0.0,
                "rotation_ry": 0.0,
                "rotation_rz": 1.0,
                "rotation_angle": 1.5707963267948968
            },
            "缺口8": {
                "x": 0.013029662829943084,
                "y": 0.1942667359692755,
                "z": 0.015,
                "rotation_rx": 0.0,
                "rotation_ry": 0.0,
                "rotation_rz": 1.0,
                "rotation_angle": 1.5707963267948968
            },
            "缺口9": {
                "x": 0.06674320848034762,
                "y": 0.1940623361274561,
                "z": 0.015,
                "rotation_rx": 0.0,
                "rotation_ry": 0.0,
                "rotation_rz": 1.0,
                "rotation_angle": 1.5707963267948968
            }
        },
        "机器人坐标系": {
            "缺口1": {
                "x": -0.03784941811619531,
                "y": 0.29860101094325125,
                "z": 0.016193868669948278,
                "rx": -3.14159,
                "ry": 0,
                "rz": 3.1415889803846895
            },
            "缺口2": {
                "x": 0.015539582782221964,
                "y": 0.3024161352964327,
                "z": 0.016193868669948278,
                "rx": -3.14159,
                "ry": 0,
                "rz": 3.1415889803846895
            },
            "缺口3": {
                "x": 0.06726256779554515,
                "y": 0.30154959540786147,
                "z": 0.016193868669948278,
                "rx": -3.14159,
                "ry": 0,
                "rz": 3.1415889803846895
            },
            "缺口4": {
                "x": -0.03760853247093202,
                "y": 0.24669719234289578,
                "z": 0.016193868669948278,
                "rx": -3.14159,
                "ry": 0,
                "rz": 3.1415889803846895
            },
            "缺口5": {
                "x": 0.016111448495374353,
                "y": 0.25017619976302674,
                "z": 0.016193868669948278,
                "rx": -3.14159,
                "ry": 0,
                "rz": 3.1415889803846895
            },
            "缺口6": {
                "x": 0.06585089321623644,
                "y": 0.25266578229528586,
                "z": 0.016193868669948278,
                "rx": -3.14159,
                "ry": 0,
                "rz": 3.1415889803846895
            },
            "缺口7": {
                "x": -0.04002133765596491,
                "y": 0.19413375715062572,
                "z": 0.016193868669948278,
                "rx": -3.14159,
                "ry": 0,
                "rz": 3.1415889803846895
            },
            "缺口8": {
                "x": 0.013029662829943084,
                "y": 0.1942667359692755,
                "z": 0.016193868669948278,
                "rx": -3.14159,
                "ry": 0,
                "rz": 3.1415889803846895
            },
            "缺口9": {
                "x": 0.06674320848034762,
                "y": 0.1940623361274561,
                "z": 0.016193868669948278,
                "rx": -3.14159,
                "ry": 0,
                "rz": 3.1415889803846895
            }
        },
        "识别类型": "托盘缺口",
        "时间戳": 1783393364
    },
    "托盘识别点1": {
        "世界坐标系": {
            "缺口1": {
                "x": -0.041828784304202886,
                "y": 0.29828129646664303,
                "z": 0.015,
                "rotation_rx": 0.0,
                "rotation_ry": 0.0,
                "rotation_rz": 1.0,
                "rotation_angle": 1.5707963267948968
            },
            "缺口2": {
                "x": 0.011560801622932743,
                "y": 0.3024312760254564,
                "z": 0.015,
                "rotation_rx": 0.0,
                "rotation_ry": 0.0,
                "rotation_rz": 1.0,
                "rotation_angle": 1.5707963267948968
            },
            "缺口3": {
                "x": 0.06328378663625595,
                "y": 0.3015647361368851,
                "z": 0.015,
                "rotation_rx": 0.0,
                "rotation_ry": 0.0,
                "rotation_rz": 1.0,
                "rotation_angle": 1.5707963267948968
            },
            "缺口4": {
                "x": -0.041256918591050504,
                "y": 0.2460413609332371,
                "z": 0.015,
                "rotation_rx": 0.0,
                "rotation_ry": 0.0,
                "rotation_rz": 1.0,
                "rotation_angle": 1.5707963267948968
            },
            "缺口5": {
                "x": 0.012463647403974196,
                "y": 0.24985522355899992,
                "z": 0.015,
                "rotation_rx": 0.0,
                "rotation_ry": 0.0,
                "rotation_rz": 1.0,
                "rotation_angle": 1.5707963267948968
            },
            "缺口6": {
                "x": 0.061872112056947204,
                "y": 0.2526809230243095,
                "z": 0.015,
                "rotation_rx": 0.0,
                "rotation_ry": 0.0,
                "rotation_rz": 1.0,
                "rotation_angle": 1.5707963267948968
            },
            "缺口7": {
                "x": -0.0436697237760834,
                "y": 0.19347792574096706,
                "z": 0.015,
                "rotation_rx": 0.0,
                "rotation_ry": 0.0,
                "rotation_rz": 1.0,
                "rotation_angle": 1.5707963267948968
            },
            "缺口8": {
                "x": 0.009381861738542954,
                "y": 0.19394575976524864,
                "z": 0.015,
                "rotation_rx": 0.0,
                "rotation_ry": 0.0,
                "rotation_rz": 1.0,