{
    "世界坐标系": {
        "Cuboid": {
            "x": 0.15,
            "y": -0.13,
            "z": 0.0225,
            "rotation_rx": 0.0,
            "rotation_ry": 0.0,
            "rotation_rz": 1.0,
            "rotation_angle": -0.785395307179586
        },
        "Cuboid(1)": {
            "x": 0.22,
            "y": -0.06,
            "z": 0.0225,
            "rotation_rx": 0.0,
            "rotation_ry": 0.0,
            "rotation_rz": 1.0,
            "rotation_angle": 0.785398
        },
        "Cube": {
            "x": 0.15,
            "y": 0.0117156,
            "z": 0.0167156,
            "rotation_rx": -3.69431e-07,
            "rotation_ry": -7.72301e-08,
            "rotation_rz": -1.0,
            "rotation_angle": -1.5707953071795862
        },
        "Cube(1)": {
            "x": 0.16,
            "y": 0.0817156,
            "z": 0.0167156,
            "rotation_rx": 3.07682e-07,
            "rotation_ry": -1.71606e-08,
            "rotation_rz": 1.0,
            "rotation_angle": 2.09439
        },
        "Cruciform": {
            "x": 0.22,
            "y": 0.01,
            "z": 0.015,
            "rotation_rx": 0.0,
            "rotation_ry": 0.0,
            "rotation_rz": 1.0,
            "rotation_angle": 0.785398
        },
        "Cruciform(1)": {
            "x": 0.22,
            "y": -0.131422,
            "z": 0.015,
            "rotation_rx": 0.0,
            "rotation_ry": 0.0,
            "rotation_rz": 1.0,
            "rotation_angle": 0.785398
        },
        "FivePointed": {
            "x": 0.15,
            "y": -0.05,
            "z": 0.015,
            "rotation_rx": 0.0,
            "rotation_ry": 0.0,
            "rotation_rz": 1.0,
            "rotation_angle": 0.0
        },
        "FivePointed(1)": {
            "x": 0.22,
            "y": 0.07,
            "z": 0.015,
            "rotation_rx": 0.0,
            "rotation_ry": 0.0,
            "rotation_rz": 1.0,
            "rotation_angle": 0.0
        }
    },
    "机器人坐标系": {
        "Cuboid": {
            "x": 0.1499999769328649,
            "y": -0.13000055606747996,
            "z": 0.023693868669948277,
            "rx": -3.14159,
            "ry": 0,
            "rz": -1.5708
        },
        "Cuboid(1)": {
            "x": 0.2199999769328649,
            "y": -0.06000055606747994,
            "z": 0.023693868669948277,
            "rx": -3.14159,
            "ry": 0,
            "rz": -1.5708
        },
        "Cube": {
            "x": 0.1499999769328649,
            "y": 0.011715043932520056,
            "z": 0.01790946866994828,
            "rx": -3.14159,
            "ry": 0,
            "rz": -1.5708
        },
        "Cube(1)": {
            "x": 0.1599999769328649,
            "y": 0.08171504393252005,
            "z": 0.01790946866994828,
            "rx": -3.14159,
            "ry": 0,
            "rz": -1.5708
        },
        "Cruciform": {
            "x": 0.2199999769328649,
            "y": 0.009999443932520056,
            "z": 0.016193868669948278,
            "rx": -3.14159,
            "ry": 0,
            "rz": -1.5708
        },
        "Cruciform(1)": {
            "x": 0.2199999769328649,
            "y": -0.13142255606747996,
            "z": 0.016193868669948278,
            "rx": -3.14159,
            "ry": 0,
            "rz": -1.5708
        },
        "FivePointed": {
            "x": 0.1499999769328649,
            "y": -0.05000055606747995,
            "z": 0.016193868669948278,
            "rx": -3.14159,
            "ry": 0,
            "rz": -1.5708
        },
        "FivePointed(1)": {
            "x": 0.2199999769328649,
            "y": 0.06999944393252006,
            "z": 0.016193868669948278,
            "rx": -3.14159,
            "ry": 0,
            "rz": -1.5708
        }
    }
}